PAGENAME,PageName,,,,,,,
POSTID,PostID,,,,,,,
POSTTIME,PostTime,,,,,,,
HEIGHT,Height,,,,,,,
WIDTH,Width,,,,,,,
FOLLOWERS,Followers,,,,,,,
COMMENTS,Comments,,,,,,,
LIKES,Likes,,,,,,,
#FFC0CB,Pink,,,,,,,
#FFB6C1,Pink,,,,,,,
#FF69B4,Pink,,,,,,,
#FF1493,Pink,,,,,,,
#DB7093,Pink,,,,,,,
#C71585,Pink,,,,,,,
#E6E6FA,Purple,,,,,,,
#D8BFD8,Purple,,,,,,,
#DDA0DD,Purple,,,,,,,
#DA70D6,Purple,,,,,,,
#EE82EE,Purple,,,,,,,
#FF00FF,Purple,,,,,,,
#FF00FF,Purple,,,,,,,
#BA55D3,Purple,,,,,,,
#9932CC,Purple,,,,,,,
#9400D3,Purple,,,,,,,
#8A2BE2,Purple,,,,,,,
#8B008B,Purple,,,,,,,
#800080,Purple,,,,,,,
#9370DB,Purple,,,,,,,
#7B68EE,Purple,,,,,,,
#6A5ACD,Purple,,,,,,,
#483D8B,Purple,,,,,,,
#663399,Purple,,,,,,,
#4B0082,Purple,,,,,,,
#FFA07A,Red,,,,,,,
#FA8072,Red,,,,,,,
#E9967A,Red,,,,,,,
#F08080,Red,,,,,,,
#CD5C5C,Red,,,,,,,
#DC143C,Red,,,,,,,
#FF0000,Red,,,,,,,
#B22222,Red,,,,,,,
#8B0000,Red,,,,,,,
#FFA500,Orange,,,,,,,
#FF8C00,Orange,,,,,,,
#FF7F50,Orange,,,,,,,
#FF6347,Orange,,,,,,,
#FF4500,Orange,,,,,,,
#FFD700,Yellow,,,,,,,
#FFFF00,Yellow,,,,,,,
#FFFFE0,Yellow,,,,,,,
#FFFACD,Yellow,,,,,,,
#FAFAD2,Yellow,,,,,,,
#FFEFD5,Yellow,,,,,,,
#FFE4B5,Yellow,,,,,,,
#FFDAB9,Yellow,,,,,,,
#EEE8AA,Yellow,,,,,,,
#F0E68C,Yellow,,,,,,,
#BDB76B,Yellow,,,,,,,
#ADFF2F,Green,,,,,,,
#7FFF00,Green,,,,,,,
#7CFC00,Green,,,,,,,
#00FF00,Green,,,,,,,
#32CD32,Green,,,,,,,
#98FB98,Green,,,,,,,
#90EE90,Green,,,,,,,
#00FA9A,Green,,,,,,,
#00FF7F,Green,,,,,,,
#3CB371,Green,,,,,,,
#2E8B57,Green,,,,,,,
#228B22,Green,,,,,,,
#008000,Green,,,,,,,
#006400,Green,,,,,,,
#9ACD32,Green,,,,,,,
#6B8E23,Green,,,,,,,
#556B2F,Green,,,,,,,
#66CDAA,Green,,,,,,,
#8FBC8F,Green,,,,,,,
#20B2AA,Green,,,,,,,
#008B8B,Green,,,,,,,
#008080,Green,,,,,,,
#00FFFF,Cyan,,,,,,,
#00FFFF,Cyan,,,,,,,
#E0FFFF,Cyan,,,,,,,
#AFEEEE,Cyan,,,,,,,
#7FFFD4,Cyan,,,,,,,
#40E0D0,Cyan,,,,,,,
#48D1CC,Cyan,,,,,,,
#00CED1,Cyan,,,,,,,
#5F9EA0,Blue,,,,,,,
#4682B4,Blue,,,,,,,
#B0C4DE,Blue,,,,,,,
#ADD8E6,Blue,,,,,,,
#B0E0E6,Blue,,,,,,,
#87CEFA,Blue,,,,,,,
#87CEEB,Blue,,,,,,,
#6495ED,Blue,,,,,,,
#00BFFF,Blue,,,,,,,
#1E90FF,Blue,,,,,,,
#4169E1,Blue,,,,,,,
#0000FF,Blue,,,,,,,
#0000CD,Blue,,,,,,,
#00008B,Blue,,,,,,,
#000080,Blue,,,,,,,
#191970,Blue,,,,,,,
#FFF8DC,Brown,,,,,,,
#FFEBCD,Brown,,,,,,,
#FFE4C4,Brown,,,,,,,
#FFDEAD,Brown,,,,,,,
#F5DEB3,Brown,,,,,,,
#DEB887,Brown,,,,,,,
#D2B48C,Brown,,,,,,,
#BC8F8F,Brown,,,,,,,
#F4A460,Brown,,,,,,,
#DAA520,Brown,,,,,,,
#B8860B,Brown,,,,,,,
#CD853F,Brown,,,,,,,
#D2691E,Brown,,,,,,,
#808000,Brown,,,,,,,
#8B4513,Brown,,,,,,,
#A0522D,Brown,,,,,,,
#A52A2A,Brown,,,,,,,
#800000,Brown,,,,,,,
#FFFFFF,White,,,,,,,
#FFFAFA,White,,,,,,,
#F0FFF0,White,,,,,,,
#F5FFFA,White,,,,,,,
#F0FFFF,White,,,,,,,
#F0F8FF,White,,,,,,,
#F8F8FF,White,,,,,,,
#F5F5F5,White,,,,,,,
#FFF5EE,White,,,,,,,
#F5F5DC,White,,,,,,,
#FDF5E6,White,,,,,,,
#FFFAF0,White,,,,,,,
#FFFFF0,White,,,,,,,
#FAEBD7,White,,,,,,,
#FAF0E6,White,,,,,,,
#FFF0F5,White,,,,,,,
#FFE4E1,White,,,,,,,
#DCDCDC,Grey,,,,,,,
#D3D3D3,Grey,,,,,,,
#C0C0C0,Grey,,,,,,,
#A9A9A9,Grey,,,,,,,
#696969,Grey,,,,,,,
#808080,Grey,,,,,,,
#778899,Grey,,,,,,,
#708090,Grey,,,,,,,
#2F4F4F,Grey,,,,,,,
#000000,Black,,,,,,,